{
  "train_loss": [
    0.2779028117656708,
    0.2417675256729126,
    0.23215410113334656,
    0.22443656623363495,
    0.2192300409078598,
    0.21410387754440308,
    0.20963308215141296,
    0.20534361898899078,
    0.20059238374233246,
    0.19677355885505676,
    0.19409587979316711,
    0.19037093222141266,
    0.18707172572612762
  ],
  "train_accuracy": [
    0.9735802412033081,
    0.9466705918312073,
    0.9583945870399475,
    0.9588844180107117,
    0.9600600600242615,
    0.9612030982971191,
    0.9627053141593933,
    0.9646974205970764,
    0.9662976264953613,
    0.9668854475021362,
    0.9679631590843201,
    0.9698572754859924,
    0.9703471660614014
  ],
  "val_loss": [
    0.2626500129699707,
    0.25557053089141846,
    0.25340133905410767,
    0.2510409355163574,
    0.2513831853866577,
    0.2511751353740692,
    0.2502630949020386,
    0.2501690983772278,
    0.24946507811546326,
    0.25056129693984985,
    0.2510821521282196,
    0.25192004442214966,
    0.25084203481674194
  ],
  "val_accuracy": [
    0.9217391014099121,
    0.9239130616188049,
    0.928260862827301,
    0.926086962223053,
    0.9239130616188049,
    0.9217391014099121,
    0.9239130616188049,
    0.9195652008056641,
    0.917391300201416,
    0.917391300201416,
    0.917391300201416,
    0.9195652008056641,
    0.917391300201416
  ],
  "learning_rate": [
    0.0001,
    0.0001,
    0.0001,
    0.0001,
    0.0001,
    0.0001,
    0.0001,
    0.0001,
    0.0001,
    0.0001,
    0.0001,
    0.0001,
    0.0001
  ],
  "epoch": [
    0,
    1,
    2,
    3,
    4,
    5,
    6,
    7,
    8,
    9,
    10,
    11,
    12
  ]
}